['ㄷ', 'ㅣ', 'ㅈ', 'ㅣ', 'ㄹ', 'ㄹ', 'ㅐ']
['ㄱ', 'ㅐ']
['ㅅ', 'ㅣ', 'ㅂ', 'ㅅ', 'ㅐ', 'ㄲ', 'ㅣ']
['ㅁ', 'ㅣ', 'ㅌ', 'ㅣ', 'ㄴ', 'ㄴ', 'ㅓ', 'ㅁ']
['ㅆ', 'ㅂ']
['ㄱ', 'ㅐ', 'ㅅ', 'ㅔ', 'ㄹ', 'ㅣ']
['ㅅ', 'ㅞ']
['S', 'U', 'C', 'K', 'S', 'E', 'X']
['ㅊ', 'ㅏ', 'ㅇ', 'ㄴ', 'ㅕ']
['c', 'ㅂ', 'ㅏ', 'ㄹ', 'ㅇ', 'ㅏ']
['ㄱ', 'ㅔ', 'ㄴ', 'ㅕ', 'ㄴ']
['C', '8', 'ㄴ', 'ㅓ', 'ㅁ']
['3', 'ㅇ', 'ㅣ', 'ㄹ', 'ㅎ', 'ㅏ', 'ㄴ']
['ㅂ', 'ㅏ', 'ㄹ', 'ㅏ', 'ㄹ', 'ㄴ', 'ㅕ', 'ㄴ']
['c', 'ㅂ', 'ㅏ', 'ㄹ', 'ㅅ', 'ㅐ', 'ㄱ']
['c', 'ㅂ', 'ㅜ', 'ㄹ', 'ㄴ', 'ㅓ', 'ㅁ']
['ㅂ', 'ㅜ', 'ㄹ', 'ㅓ', 'ㄹ']
['ㄱ', 'ㅏ', 'ㅅ', 'ㅋ', 'ㅏ']
['ㄱ', 'ㅏ', 'ㄴ', 'ㅊ', 'ㅓ', 'ㄹ', 'ㅅ', 'ㅜ']
['ㄱ', 'ㅏ', 'ㄹ', 'ㅂ', 'ㅗ']
['ㄱ', 'ㅏ', 'ㅇ', 'ㄱ', 'ㅏ', 'ㄴ']
['ㄱ', 'ㅏ', 'ㅇ', 'ㅇ', 'ㅏ', 'ㅈ', 'ㅣ']
['ㄱ', 'ㅏ', 'ㅌ', 'ㅇ', 'ㅡ', 'ㄴ', 'ㄴ', 'ㅕ', 'ㄴ']
['ㄱ', 'ㅐ', 'ㄱ', 'ㅏ', 'ㅌ', 'ㅡ', 'ㄴ']
['ㄱ', 'ㅐ', 'ㄲ', 'ㅑ', 'ㄲ', 'ㅣ']
['ㄱ', 'ㅐ', 'ㄴ', 'ㅗ', 'ㅁ']
['ㄱ', 'ㅐ', 'ㄴ', 'ㅡ', 'ㅁ', 'ㅅ', 'ㅐ', 'ㄲ', 'ㅣ']
['ㄱ', 'ㅐ', 'ㄴ', 'ㅛ', 'ㄴ']
['ㄱ', 'ㅐ', 'ㄴ', 'ㅡ', 'ㅁ', 'ㅇ', 'ㅢ', 'ㅅ', 'ㅐ', 'ㄲ', 'ㅣ']
['ㄱ', 'ㅐ', 'ㄷ', 'ㅗ', 'ㄱ', 'ㄱ', 'ㅛ']
['ㄱ', 'ㅐ', 'ㄸ', 'ㅐ', 'ㄲ', 'ㅣ']
['ㅁ', 'ㅣ', 'ㅊ', 'ㅣ', 'ㄴ']
['ㄱ', 'ㅐ', 'ㅂ', 'ㅜ', 'ㄹ', 'ㅇ', 'ㅏ', 'ㄹ']
['ㄱ', 'ㅐ', 'ㅃ', 'ㅕ', 'ㄱ', 'ㄷ', 'ㅏ', 'ㄱ', 'ㅜ']
['ㄱ', 'ㅐ', 'ㅅ', 'ㅐ', 'ㅇ', 'ㅣ']
['ㄱ', 'ㅔ', 'ㅅ', 'ㅐ', 'ㄱ', 'ㄱ', 'ㅣ']
['ㄱ', 'ㅐ', 'ㅅ', 'ㅔ', 'ㅇ', 'ㅣ']
['ㄱ', 'ㅔ', 'ㅅ', 'ㅐ', 'ㄱ', 'ㄲ', 'ㅣ']
['ㄱ', 'ㅐ', 'ㅅ', 'ㅣ', 'ㅃ', 'ㅏ', 'ㄹ', 'ㅈ', 'ㅗ', 'ㅅ', 'ㅂ', 'ㅏ', 'ㅂ']
['ㄱ', 'ㅐ', 'ㅅ', 'ㅣ', 'ㅋ', 'ㅣ']
['ㄱ', 'ㅐ', 'ㅆ', 'ㅏ', 'ㅇ', 'ㄷ', 'ㅗ']
['ㄱ', 'ㅔ', 'ㅅ', 'ㅞ', 'ㄱ']
['ㄱ', 'ㅐ', 'ㅆ', 'ㅣ', 'ㅂ']
['ㄱ', 'ㅐ', 'ㅇ', 'ㅏ', 'ㄷ', 'ㅡ', 'ㄹ']
['ㄱ', 'ㅐ', 'ㅈ', 'ㅏ', 'ㅅ', 'ㅡ', 'ㄱ']
['ㄱ', 'ㅐ', 'ㅎ', 'ㅓ', 'ㅈ', 'ㅓ', 'ㅂ']
['ㄱ', 'ㅐ', 'ㅈ', 'ㅗ', 'ㅊ']
['ㄱ', 'ㅐ', 'ㅎ', 'ㅓ', 'ㅂ', 'ㅓ', 'ㄹ', 'ㄴ', 'ㅕ', 'ㄴ']
['ㄱ', 'ㅒ', 'ㅅ', 'ㅣ', 'ㄲ', 'ㅣ']
['1', '8', 'ㅅ', 'ㅣ', 'ㅋ', 'ㅣ']
['ㄱ', 'ㅔ', 'ㄴ', 'ㅜ', 'ㅁ']
['ㄱ', 'ㅔ', 'ㅅ', 'ㅔ', 'ㄲ', 'ㅑ']
['ㄱ', 'ㅔ', 'ㅅ', 'ㅔ', 'ㅇ', 'ㅑ', 'ㄲ', 'ㅓ', 'ㅈ', 'ㅕ']
['ㄱ', 'ㅔ', 'ㅇ', 'ㅣ']
['ㅈ', 'ㅏ', 'ㅅ', 'ㅡ', 'ㄱ']
['ㄱ', 'ㅗ', 'ㄷ', 'ㅗ', 'ㄹ', 'ㅣ', 'ㅆ', 'ㅏ', 'ㅇ', 'ㄴ', 'ㅕ', 'ㄴ']
['ㅁ', 'ㅜ', 'ㅎ', 'ㅕ', 'ㄴ', 'R', 'T']
['ㄱ', 'ㅜ', 'ㄴ', 'ㅕ', 'ㅇ']
['ㄱ', 'ㅜ', 'ㅁ', 'ㅓ', 'ㅇ']
['ㄱ', 'ㅜ', 'ㅁ', 'ㅓ', 'ㅇ', 'ㅈ', 'ㅣ', 'ㄹ']
['ㄱ', 'ㅜ', 'ㄹ', 'ㅁ', 'ㅎ', 'ㅜ', 'ㄹ', 'ㅌ', 'ㅎ', 'ㅜ', 'ㄹ', 'ㅌ', 'ㄱ', 'ㅢ']
['ㄱ', 'ㅐ', 'ㅅ', 'ㅣ', 'ㄲ', 'ㅣ']
['ㄱ', 'ㅡ', 'ㄱ', 'ㅓ', 'ㅎ', 'ㅏ', 'ㄹ', 'ㄴ', 'ㅕ', 'ㄴ']
['ㄱ', 'ㅡ', 'ㄴ', 'ㅎ', 'ㅖ', 'ㅉ', 'ㅣ', 'ㅇ']
['ㄱ', 'ㅣ', 'ㅁ', 'ㅈ', 'ㅓ', 'ㅇ', 'ㅇ', 'ㅣ', 'ㄹ', 'ㅁ', 'ㅏ', 'ㄴ', 'ㅅ', 'ㅔ']
['ㄲ', 'ㅏ', 'ㅈ', 'ㅣ', 'ㄴ', 'ㄴ', 'ㅕ', 'ㄴ']
['ㄲ', 'ㅗ', 'ㄲ', 'ㅏ', 'ㄲ', 'ㅗ', 'ㄹ', 'ㄹ', 'ㅕ']
['ㄲ', 'ㅗ', 'ㅊ', 'ㅜ', 'ㄴ', 'ㅋ', 'ㅜ', 'ㅋ', 'ㅣ']
['ㄲ', 'ㅗ', 'ㄹ', 'ㅌ', 'ㅗ', 'ㅇ']
['ㄲ', 'ㅜ', 'ㅁ', 'ㄸ', 'ㅓ', 'ㄱ', 'ㅁ', 'ㅏ', 'ㅅ', 'ㅛ']
['ㄴ', 'ㅏ', 'ㄴ', 'ㅓ', 'ㅁ', 'ㅓ', 'ㄱ', 'ㅇ', 'ㅡ', 'ㄹ', 'ㄲ', 'ㅔ']
['ㄴ', 'ㅏ', 'ㄴ', 'ㅡ', 'ㄴ', 'ㅈ', 'ㅗ', 'ㅅ', 'ㄷ', 'ㅐ', 'ㄱ', 'ㅏ', 'ㄹ', 'ㅣ']
['ㄴ', 'ㅏ', 'ㅇ', 'ㅣ', 'ㅃ', 'ㅓ', 'ㅎ', 'ㅓ', 'ㅂ', 'ㅓ', 'ㄹ', 'ㄴ', 'ㅕ', 'ㄴ']
['ㄴ', 'ㅏ', 'ㅈ', 'ㅗ', 'ㅅ', 'ㅁ', 'ㅏ', 'ㄴ', 'ㅣ', 'ㅇ', 'ㅑ']
['ㄴ', 'ㅏ', 'ㅈ', 'ㅗ', 'ㅅ', 'ㅂ', 'ㅏ', 'ㅂ', 'ㅊ', 'ㅣ', 'ㅈ', 'ㅣ', 'ㅁ', 'ㅏ']
['ㄴ', 'ㅏ', 'ㄱ', 'ㅌ', 'ㅐ', 'ㅊ', 'ㅜ', 'ㅇ']
['ㄴ', 'ㅏ', 'ㄴ', 'ㅈ', 'ㅏ', 'ㅂ', 'ㄴ', 'ㅕ', 'ㄴ']
['ㄴ', 'ㅏ', 'ㄴ', 'ㅊ', 'ㅏ', 'ㅇ', 'ㄴ', 'ㅕ']
['ㄴ', 'ㅣ', 'ㅈ', 'ㅗ', 'ㅅ']
['ㄴ', 'ㅐ', 'ㅁ', 'ㅈ', 'ㅕ']
['ㄴ', 'ㅓ', 'ㄷ', 'ㅟ', 'ㅈ', 'ㅕ', 'ㅂ', 'ㅗ', 'ㄹ', 'ㄹ', 'ㅐ']
['ㄴ', 'ㅓ', 'ㄴ', 'ㅈ', 'ㅣ', 'ㄴ', 'ㅉ', 'ㅏ', 'ㅈ', 'ㅜ', 'ㄱ', 'ㅓ', 'ㅆ', 'ㅓ']
['ㄴ', 'ㅔ', 'ㄷ', 'ㅏ', 'ㅂ', 'ㅗ']
['ㄴ', 'ㅔ', 'ㄷ', 'ㅏ', 'ㅎ', 'ㅗ', 'ㅇ']
['ㄴ', 'ㅗ', 'ㅁ', 'ㅜ', 'ㄴ', 'ㅗ', 'ㅁ', 'ㅜ']
['ㄴ', 'ㅗ', 'ㅂ', 'ㅜ', 'ㅇ', 'ㅓ', 'ㅇ']
['ㄴ', 'ㅗ', 'ㅅ', 'ㅣ', 'ㄱ', 'ㅖ']
['ㅇ', 'ㅜ', 'ㄴ', 'ㅈ', 'ㅣ']
['ㄴ', 'ㅗ', 'ㅌ', 'ㅡ', 'ㄹ', 'ㄷ', 'ㅏ', 'ㅁ', 'ㅇ', 'ㅔ', 'ㄲ', 'ㅗ', 'ㅊ', 'ㅜ']
['ㄴ', 'ㅚ', 'ㅁ', 'ㅜ', 'ㄹ', 'ㅎ', 'ㅕ', 'ㄴ']
['ㅆ', 'ㅣ', 'ㅂ', 'ㅏ', 'ㅇ', 'ㅅ', 'ㅞ']
['ㄴ', 'ㅜ', 'ㄴ', 'ㄲ', 'ㅏ', 'ㄹ']
['ㄴ', 'ㅣ', 'ㄱ', 'ㅟ', 'ㅁ', 'ㅣ']
['ㄴ', 'ㅣ', 'ㅁ', 'ㅟ', 'ㄹ', 'ㅏ', 'ㄹ']
['ㄴ', 'ㅡ', 'ㄱ', 'ㅡ', 'ㅁ', 'ㅁ', 'ㅏ']
['ㄴ', 'ㅡ', 'ㄱ', 'ㅡ', 'ㅇ', 'ㅐ', 'ㅁ', 'ㅣ']
['ㄴ', 'ㅣ', 'ㄱ', 'ㅇ', 'ㅣ', 'ㅁ', 'ㅇ', 'ㅣ']
['ㄴ', 'ㅣ', 'ㄲ', 'ㅏ', 'ㅇ', 'ㄴ', 'ㅐ', 'ㄲ', 'ㅏ', 'ㅇ']
['ㄴ', 'ㅣ', 'ㅁ', 'ㅐ', 'ㅁ', 'ㅣ', 'ㅈ', 'ㅗ', 'ㅅ']
['ㄴ', 'ㅣ', 'ㅁ', 'ㅣ', 'ㄹ', 'ㅓ', 'ㄹ']
['ㄴ', 'ㅣ', 'ㅁ', 'ㅣ', 'ㅆ', 'ㅣ', 'ㅂ']
['ㄴ', 'ㅣ', 'ㅂ', 'ㅜ', 'ㄹ', 'ㅏ', 'ㄹ']
['ㄴ', 'ㅣ', 'ㅃ', 'ㅗ', 'ㅇ', 'ㅈ', 'ㅗ', 'ㅅ', 'ㅇ', 'ㅣ', 'ㄷ', 'ㅏ']
['ㄴ', 'ㅣ', 'ㅇ', 'ㅏ', 'ㅂ', 'ㅣ']
['ㄴ', 'ㅣ', 'ㅇ', 'ㅐ', 'ㅂ', 'ㅣ']
['ㄴ', 'ㅣ', 'ㅇ', 'ㅓ', 'ㅁ', 'ㅣ']
['ㄴ', 'ㅣ', 'ㅇ', 'ㅣ', 'ㅁ', 'ㅣ']
['ㄴ', 'ㅣ', 'ㄱ', 'ㅇ', 'ㅣ', 'ㅁ', 'ㅣ']
['ㄴ', 'ㅣ', 'ㄹ', 'ㄱ', 'ㅣ', 'ㄹ', 'ㅏ', 'ㄹ', 'ㄴ', 'ㅕ', 'ㄴ', '1']
['ㄴ', 'ㅣ', 'ㅁ', 'ㅇ', 'ㅣ', 'ㄹ', 'ㅏ', 'ㄹ']
['ㄴ', 'ㅣ', 'ㅇ', 'ㄱ', 'ㅣ', 'ㅁ', 'ㅣ', 'ㅆ', 'ㅣ', 'ㅂ', 'ㅇ', 'ㅣ', 'ㄷ', 'ㅏ']
['ㅈ', 'ㅗ', 'ㅅ', 'ㅂ', 'ㅏ', 'ㅂ', 'ㄷ', 'ㅡ', 'ㄹ']
['ㄷ', 'ㅏ', 'ㅇ', 'ㅣ', 'ㅈ', 'ㅠ']
['ㄷ', 'ㅏ', 'ㄹ', 'ㄱ', 'ㄷ', 'ㅐ', 'ㄱ', 'ㅏ', 'ㄹ', 'ㅣ']
['ㄷ', 'ㅏ', 'ㄹ', 'ㄱ', 'ㄷ', 'ㅔ', 'ㄱ', 'ㅏ', 'ㄹ']
['ㅅ', 'ㅐ', 'ㄷ', 'ㅔ', 'ㄱ', 'ㅏ', 'ㄹ', 'ㅣ']
['ㄷ', 'ㅐ', 'ㄱ', 'ㅏ', 'ㅃ', 'ㅏ', 'ㄱ']
['ㄷ', 'ㅐ', 'ㄱ', 'ㅏ', 'ㄹ', 'ㅌ', 'ㅜ', 'ㅇ']
['ㄷ', 'ㅡ', 'ㄹ', 'ㅓ', 'ㅇ', 'ㅜ', 'ㄴ', 'ㄴ', 'ㅕ', 'ㄴ']
['ㄷ', 'ㅡ', 'ㅇ', 'ㅅ', 'ㅣ', 'ㄴ']
['ㄷ', 'ㅗ', 'ㄹ', 'ㄷ', 'ㅐ', 'ㄱ', 'ㅏ', 'ㄹ', 'ㅣ']
['ㄷ', 'ㅗ', 'ㄹ', 'ㅁ', 'ㅓ', 'ㄹ', 'ㅣ']
['ㄷ', 'ㅗ', 'ㄹ', 'ㅇ', 'ㅡ', 'ㄴ', 'ㄴ', 'ㅗ', 'ㅁ']
['ㄷ', 'ㅜ', 'ㄴ', 'ㅌ', 'ㅐ', 'ㅇ', 'ㅇ', 'ㅣ']
['ㄷ', 'ㅣ', 'ㅈ', 'ㅕ', 'ㄹ', 'ㅏ']
['ㄷ', 'ㅟ', 'ㅈ', 'ㅣ', 'ㄴ', 'ㄷ', 'ㅏ']
['ㄷ', 'ㅟ', 'ㅈ', 'ㅣ', 'ㄹ']
['ㄷ', 'ㅡ', 'ㄹ', 'ㅓ', 'ㅇ', 'ㅜ', 'ㄴ', 'ㄴ', 'ㅓ', 'ㅁ']
['ㄷ', 'ㅡ', 'ㄹ', 'ㅓ', 'ㅇ', 'ㅜ', 'ㄴ', 'ㅅ', 'ㅞ', 'ㄹ', 'ㅣ']
['ㄷ', 'ㅡ', 'ㄹ', 'ㅓ', 'ㅇ', 'ㅜ', 'ㄴ', 'ㅅ', 'ㅒ', 'ㄲ', 'ㅣ']
['ㄷ', 'ㅣ', 'ㅈ', 'ㅣ', 'ㄹ']
['ㄸ', 'ㅏ', 'ㅅ', 'ㅣ', 'ㄱ']
['ㄸ', 'ㅏ', 'ㄱ', 'ㅈ', 'ㅣ', 'ㄸ', 'ㅔ', 'ㅈ', 'ㅏ']
['ㄸ', 'ㅏ', 'ㄹ', 'ㄷ', 'ㅏ', 'ㄹ', 'ㅣ']
['ㄸ', 'ㅚ', 'ㄴ', 'ㅗ', 'ㅁ']
['ㄷ', 'ㅗ', 'ㄹ', 'ㅏ', 'ㅇ', 'ㅣ']
['ㄸ', 'ㅜ', 'ㅈ', 'ㅐ', 'ㅇ']
['ㄸ', 'ㅣ', 'ㅂ', 'ㅡ', 'ㄹ']
['ㄸ', 'ㅣ', 'ㅂ', 'ㅏ', 'ㄹ', 'ㄴ', 'ㅗ', 'ㅁ']
['ㄸ', 'ㅣ', 'ㅂ', 'ㅏ', 'ㄹ', 'ㅅ', 'ㅔ', 'ㄲ', 'ㅣ']
['ㄸ', 'ㅣ', 'ㅂ', 'ㅏ', 'ㄹ', 'ㅇ', 'ㅏ']
['ㄸ', 'ㅣ', 'ㅂ', 'ㅗ', 'ㅇ', 'ㅅ', 'ㅔ']
['ㄸ', 'ㅣ', 'ㅂ', 'ㅓ', 'ㄹ']
['ㄸ', 'ㅣ', 'ㅂ', 'ㅜ', 'ㄹ', 'ㅏ', 'ㄹ', 'ㄴ', 'ㅗ', 'ㅁ']
['ㄸ', 'ㅣ', 'ㅇ', 'ㅣ', 'ㅍ', 'ㅜ', 'ㄹ']
['ㄸ', 'ㅣ', 'ㅂ', 'ㄸ', 'ㅐ', 'ㄲ', 'ㅣ']
['ㄸ', 'ㅣ', 'ㅂ', 'ㅅ', 'ㅐ']
['ㄹ', 'ㅗ', 'ㄹ', 'ㅣ', 'ㄴ', 'ㅇ', 'ㅣ']
['ㄹ', 'ㅣ', 'ㅁ', 'ㅣ', 'ㄹ', 'ㅓ', 'ㄹ']
['ㅁ', 'ㅈ', 'ㅎ']
['ㅁ', 'ㅏ', 'ㄱ', 'ㄱ', 'ㅏ', 'ㅈ', 'ㅗ', 'ㅅ', 'ㄷ', 'ㅏ', 'ㄷ', 'ㅓ', 'ㅁ', 'ㅂ', 'ㅕ']
['ㅁ', 'ㅏ', 'ㄴ', 'ㅈ', 'ㅕ', 'ㅈ', 'ㅜ', 'ㄲ', 'ㅔ']
['ㅁ', 'ㅏ', 'ㄴ', 'ㅈ', 'ㅕ', 'ㅈ', 'ㅜ', 'ㄹ', 'ㅂ', 'ㅜ', 'ㄴ']
['ㅁ', 'ㅏ', 'ㄹ', 'ㅂ', 'ㅓ', 'ㅈ', 'ㅣ']
['ㅁ', 'ㅏ', 'ㄹ', 'ㅅ', 'ㅐ', 'ㄲ', 'ㅣ']
['ㅁ', 'ㅏ', 'ㅅ', 'ㄱ', 'ㅏ', 'ㄴ', 'ㄴ', 'ㅕ', 'ㄴ']
['ㅁ', 'ㅏ', 'ㅈ', 'ㄱ', 'ㅏ', 'ㄴ', 'ㄴ', 'ㅕ', 'ㄴ']
['ㅁ', 'ㅣ', 'ㅊ', 'ㅣ', 'ㄴ', 'ㄴ', 'ㅛ', 'ㄴ']
['ㅁ', 'ㅓ', 'ㄱ', 'ㄱ', 'ㅗ', 'ㅂ', 'ㅗ', 'ㄴ', 'ㅣ', 'ㄸ', 'ㅏ', 'ㄹ']
['ㅁ', 'ㅓ', 'ㄱ', 'ㄱ', 'ㅗ', 'ㅂ', 'ㅗ', 'ㄴ', 'ㅣ', 'ㄸ', 'ㅗ', 'ㅇ', 'ㄱ', 'ㅐ']
['ㅁ', 'ㅓ', 'ㄱ', 'ㄱ', 'ㅗ', 'ㅂ', 'ㅗ', 'ㄴ', 'ㅣ', 'ㅇ', 'ㅜ', 'ㄹ', 'ㄱ', 'ㅐ']
['ㅁ', 'ㅓ', 'ㄱ', 'ㄱ', 'ㅗ', 'ㅂ', 'ㅗ', 'ㄴ', 'ㅣ', 'ㅈ', 'ㅐ', 'ㅅ', 'ㅜ']
['ㅁ', 'ㅓ', 'ㄱ', 'ㄱ', 'ㅗ', 'ㅂ', 'ㅗ', 'ㄴ', 'ㅣ', 'ㅊ', 'ㅣ', 'ㄴ', 'ㄱ', 'ㅜ']
['ㅁ', 'ㅓ', 'ㅇ', 'ㅊ', 'ㅓ', 'ㅇ', 'ㄷ', 'ㅗ']
['ㅁ', 'ㅔ', 'ㄹ', 'ㅗ', 'ㄸ', 'ㅜ', 'ㄹ', 'ㅎ', 'ㅎ', 'ㅜ', 'ㄹ', 'ㅌ']
['ㅁ', 'ㅔ', 'ㅈ', 'ㅗ', 'ㅋ', 'ㅣ', 'ㅅ', 'ㅡ', 'ㅌ', 'ㅡ']
['ㅁ', 'ㅣ', 'ㅊ', 'ㅟ', 'ㄴ', 'ㄴ', 'ㅗ', 'ㅁ']
['ㅁ', 'ㅗ', 'ㅁ', 'ㄸ', 'ㅜ', 'ㅇ', 'ㅇ', 'ㅣ', 'ㅈ', 'ㅜ', 'ㄹ', 'ㄲ', 'ㅔ']
['ㅁ', 'ㅗ', 'ㅁ', 'ㅍ', 'ㅏ', 'ㄴ', 'ㅡ', 'ㄴ']
['ㅁ', 'ㅜ', 'ㅈ', 'ㅓ', 'ㄱ', 'ㅈ', 'ㅗ', 'ㅅ', 'ㅂ', 'ㅏ', 'ㅂ']
['ㅁ', 'ㅝ', 'ㅅ', 'ㅣ', 'ㄹ', 'ㅑ']
['ㅁ', 'ㅣ', 'ㅊ', 'ㅟ', 'ㄴ']
['ㅁ', 'ㅣ', 'ㅊ', 'ㅟ', 'ㄴ', 'ㅇ', 'ㅕ', 'ㅇ', 'ㅈ', 'ㅏ']
['ㅁ', 'ㅣ', 'ㅊ', 'ㅣ', 'ㄴ', 'ㄴ', 'ㅕ', 'ㄴ']
['ㅁ', 'ㅣ', 'ㅊ', 'ㅣ', 'ㄴ', 'ㅅ', 'ㅐ', 'ㄱ', 'ㄱ', 'ㅣ']
['ㅁ', 'ㅣ', 'ㅊ', 'ㅣ', 'ㄴ', 'ㄱ', 'ㅐ', 'ㅇ', 'ㅕ', 'ㅇ', 'ㅈ', 'ㅏ']
['ㅁ', 'ㅣ', 'ㅊ', 'ㅣ', 'ㄴ', 'ㄸ', 'ㅜ', 'ㅇ', 'ㅂ', 'ㅗ']
['ㅁ', 'ㅣ', 'ㅊ', 'ㅣ', 'ㄴ', 'ㅅ', 'ㅐ', 'ㄲ', 'ㅟ']
['ㅁ', 'ㅣ', 'ㅊ', 'ㅣ', 'ㄴ', 'ㅅ', 'ㅖ', 'ㄹ', 'ㅣ']
['ㅁ', 'ㅣ', 'ㅊ', 'ㅣ', 'ㄴ', 'ㅅ', 'ㅞ', 'ㄱ', 'ㅎ', 'ㅣ']
['ㅁ', 'ㅣ', 'ㅊ', 'ㅣ', 'ㄴ', 'ㅆ', 'ㅏ', 'ㅇ', 'ㅏ', 'ㅇ', 'ㄴ', 'ㅗ', 'ㅁ']
['ㅁ', 'ㅣ', 'ㅊ', 'ㅣ', 'ㄴ', 'ㅆ', 'ㅏ', 'ㅇ', 'ㄴ', 'ㅛ', 'ㅇ']
['ㅁ', 'ㅣ', 'ㅊ', 'ㅣ', 'ㄴ', 'ㅆ', 'ㅣ', 'ㅂ', 'ㅏ', 'ㄱ', '1']
['ㅁ', 'ㅣ', 'ㅊ', 'ㅣ', 'ㄴ', 'ㅆ', 'ㅣ', 'ㅂ', 'ㅎ', 'ㅜ', 'ㄲ', 'ㅏ', 'ㅅ', 'ㅣ']
['ㅁ', 'ㅣ', 'ㅊ', 'ㅣ', 'ㄴ', 'ㅈ', 'ㅗ', 'ㅅ', 'ㄷ', 'ㅐ', 'ㄱ', 'ㅏ', 'ㄹ', 'ㅣ']
['ㅁ', 'ㅣ', 'ㅌ', 'ㅣ', 'ㄴ']
['ㅁ', 'ㅣ', 'ㅌ', 'ㅣ', 'ㄴ', 'ㄴ', 'ㅕ', 'ㄴ']
['ㅁ', 'ㅣ', 'ㅌ', 'ㄱ', 'ㅜ', 'ㄴ', 'ㅕ', 'ㅇ', 'ㅃ', 'ㅏ', 'ㄹ', 'ㄱ', 'ㅣ']
['ㅂ', 'ㅏ', 'ㅂ', 'ㅗ', 'ㅇ', 'ㅕ', 'ㅇ', 'ㅈ', 'ㅏ']
['ㅂ', 'ㅏ', 'ㄱ', 'ㄱ', 'ㅗ', 'ㅃ', 'ㅐ', 'ㄱ', 'ㅗ']
['ㅂ', 'ㅏ', 'ㄱ', 'ㄱ', 'ㅗ', 'ㅅ', 'ㅣ', 'ㅍ', 'ㅍ', 'ㅓ']
['ㅂ', 'ㅏ', 'ㄱ', 'ㅇ', 'ㅏ', 'ㅈ', 'ㅜ', 'ㄹ', 'ㄱ', 'ㅔ']
['ㅃ', 'ㅏ', 'ㄹ', 'ㅇ', 'ㅓ']
['ㅇ', 'ㅐ', 'ㅁ', 'ㅜ']
['ㅂ', 'ㅐ', 'ㅇ', 'ㅅ', 'ㅣ', 'ㄴ', 'ㅅ', 'ㅣ', 'ㅋ', 'ㅣ']
['ㅃ', 'ㅗ', 'ㅈ', 'ㅣ']
['ㅂ', 'ㅓ', 'ㄹ', 'ㄹ', 'ㅣ', 'ㄹ', 'ㅇ', 'ㅕ', 'ㅈ', 'ㅏ']
['ㅂ', 'ㅓ', 'ㅅ', 'ㄱ', 'ㅕ', 'ㅂ', 'ㅗ', 'ㄴ', 'ㅣ', 'ㄴ', 'ㅏ', 'ㅁ', 'ㅈ', 'ㅏ']
['ㅂ', 'ㅓ', 'ㅅ', 'ㄱ', 'ㅕ', 'ㅂ', 'ㅗ', 'ㄴ', 'ㅣ', 'ㅅ', 'ㅜ', 'ㄱ', 'ㅁ', 'ㅗ']
['ㅂ', 'ㅓ', 'ㅅ', 'ㄱ', 'ㅕ', 'ㅂ', 'ㅗ', 'ㄴ', 'ㅣ', 'ㅊ', 'ㅓ', 'ㅈ', 'ㅐ']
['ㅂ', 'ㅔ', 'ㅊ', 'ㅠ', 'ㅇ']
['ㅂ', 'ㅕ', 'ㅇ', 'ㅓ', 'ㅇ', 'ㅅ', 'ㅣ', 'ㄴ']
['ㅂ', 'ㅕ', 'ㄴ', 'ㄱ', 'ㅏ', 'ㅇ', 'ㅅ', 'ㅚ']
['ㅂ', 'ㅕ', 'ㅇ', 'ㄸ', 'ㅏ', 'ㄱ']
['ㅂ', 'ㅕ', 'ㅇ', 'ㅓ', 'ㅇ', 'ㅅ', 'ㅣ', 'ㄴ', 'ㅏ']
['ㅃ', 'ㅗ', 'ㅋ', 'ㅠ']
['ㅂ', 'ㅗ', 'ㅁ', 'ㅣ', 'ㅇ']
['ㅃ', 'ㅗ', 'ㅇ', 'ㅗ', 'ㅈ', 'ㅣ']
['ㅂ', 'ㅓ', 'ㅈ', 'ㅣ', 'ㅅ', 'ㅁ', 'ㅜ', 'ㄹ']
['ㅂ', 'ㅗ', 'ㅌ', 'ㅔ', 'ㅋ', 'ㅡ']
['ㅂ', 'ㅜ', 'ㄹ', 'ㅏ', 'ㄹ', 'ㅂ', 'ㅏ', 'ㄹ', 'ㄱ', 'ㅘ', 'ㅇ']
['ㅂ', 'ㅜ', 'ㄹ', 'ㅇ', 'ㅏ', 'ㄹ']
['ㅃ', 'ㅜ', 'ㅇ', 'ㅇ', 'ㅏ', 'ㄹ']
['ㅂ', 'ㅕ', 'ㅇ', 'ㅅ', 'ㅟ', 'ㄴ']
['ㅂ', 'ㅠ', 'ㅇ', 'ㅜ', 'ㅇ', 'ㅅ', 'ㅣ', 'ㄴ']
['ㅂ', 'ㅠ', 'ㅇ', 'ㄸ', 'ㅏ', 'ㄱ']
['ㅂ', 'ㅣ', 'ㄹ', 'ㅓ', 'ㅁ', 'ㅓ', 'ㄱ', 'ㅡ', 'ㄹ']
['ㅂ', 'ㅣ', 'ㅇ', 'ㅇ', 'ㅣ', 'ㅅ', 'ㅣ', 'ㄴ']
['ㅂ', 'ㅜ', 'ㅇ', 'ㄱ', 'ㅏ']
['ㅂ', 'ㅣ', 'ㅇ', 'ㅅ', 'ㅏ', 'ㅁ']
['ㅃ', 'ㅏ', 'ㄱ', 'ㅜ', 'ㄹ']
['ㅃ', 'ㅓ', 'ㄱ', 'ㅋ', 'ㅠ']
['ㅃ', 'ㅏ', 'ㄴ', 'ㅉ', 'ㅜ', 'ㄹ', 'ㅣ']
['ㅃ', 'ㅏ', 'ㄹ', 'ㄱ', 'ㅔ', 'ㅎ', 'ㅐ', 'ㅈ', 'ㅠ']
['ㅃ', 'ㅏ', 'ㄹ', 'ㄱ', 'ㅗ', 'ㅅ', 'ㅣ', 'ㅍ', 'ㅗ']
['ㅃ', 'ㅏ', 'ㄹ', 'ㄱ', 'ㅜ', 'ㅅ', 'ㅣ', 'ㅍ', 'ㅓ']
['ㅃ', 'ㅏ', 'ㄹ', 'ㅇ', 'ㅏ', 'ㄷ', 'ㅗ']
['ㅃ', 'ㅏ', 'ㄹ', 'ㅇ', 'ㅏ', 'ㅂ', 'ㅘ']
['ㅃ', 'ㅏ', 'ㄹ', 'ㅇ', 'ㅏ', 'ㅈ', 'ㅜ', 'ㄹ', 'ㄲ', 'ㅖ']
['ㅃ', 'ㅏ', 'ㄹ', 'ㅇ', 'ㅏ', 'ㅈ', 'ㅜ', 'ㄹ', 'ㄹ', 'ㅐ']
['ㅃ', 'ㅏ', 'ㄹ', 'ㅇ', 'ㅏ', 'ㅈ', 'ㅜ', 'ㄹ', 'ㅇ', 'ㅕ']
['ㅃ', 'ㅏ', 'ㄱ', 'ㅇ', 'ㅏ']
['ㅃ', 'ㅏ', 'ㄹ', 'ㅌ', 'ㅗ', 'ㅇ']
['ㅃ', 'ㅗ', 'ㄱ', 'ㄲ', 'ㅠ']
['ㅃ', 'ㅗ', 'ㄹ', 'ㅡ', 'ㄴ', 'ㅗ']
['ㅆ', 'ㅡ', 'ㅇ', 'ㅡ', 'ㅂ', 'ㅏ', 'ㄹ']
['ㅅ', 'ㅏ', 'ㄲ', 'ㅏ', 'ㅅ', 'ㅣ']
['ㅅ', 'ㅏ', 'ㄷ', 'ㅗ', 'ㅂ', 'ㅏ', 'ㅇ', 'ㅜ', 'ㄹ', 'ㅈ', 'ㅗ', 'ㅅ', 'ㅂ', 'ㅏ', 'ㅂ']
['ㅅ', 'ㅏ', 'ㄹ', 'ㅏ', 'ㅇ', 'ㅈ', 'ㅗ', 'ㅅ']
['ㅅ', 'ㅏ', 'ㅊ', 'ㅏ', 'ㅇ', 'ㄱ', 'ㅏ']
['ㅅ', 'ㅏ', 'ㄲ', 'ㅏ', 'ㅊ', 'ㅣ']
['ㅅ', 'ㅏ', 'ㅅ', 'ㄲ', 'ㅏ', 'ㅅ', 'ㅅ', 'ㅣ']
['ㅆ', 'ㅏ', 'ㅇ', 'ㄴ', 'ㅛ', 'ㄴ']
['ㅅ', 'ㅏ', 'ㅇ', 'ㄴ', 'ㅡ', 'ㅁ', 'ㅅ', 'ㅞ', 'ㄱ']
['ㅅ', 'ㅏ', 'ㅇ', 'ㄴ', 'ㅗ', 'ㅁ', 'ㅇ', 'ㅡ', 'ㄹ']
['ㅅ', 'ㅙ', 'ㄷ', 'ㅐ', 'ㄱ', 'ㅏ', 'ㄹ', 'ㅌ', 'ㅐ', 'ㅇ']
['ㅅ', 'ㅚ', 'ㄷ', 'ㅔ', 'ㄱ', 'ㅏ', 'ㄹ']
['ㅅ', 'ㅐ', 'ㅅ', 'ㅐ', 'ㄲ', 'ㅣ']
['ㅅ', 'ㅔ', 'ㄱ', 'ㄴ', 'ㅕ']
['ㅅ', 'ㅐ', 'ㄱ', 'ㅁ', 'ㅏ', 'ㄱ', 'ㅏ', 'ㅌ', 'ㅇ', 'ㅡ', 'ㄴ', 'ㄱ', 'ㅓ', 'ㅅ']
['ㅅ', 'ㅐ', 'ㄱ', 'ㅇ', 'ㅕ', 'ㄱ', 'ㅏ', 'ㅌ', 'ㄴ', 'ㅔ']
['ㅅ', 'ㅔ', 'ㄱ', 'ㅎ', 'ㅏ', 'ㄹ']
['ㅅ', 'ㅑ', 'ㅇ', 'ㄴ', 'ㅡ', 'ㅁ', 'ㅇ', 'ㅢ', 'ㅅ', 'ㅐ', 'ㄹ', 'ㅣ']
['ㅅ', 'ㅓ', 'ㄴ', 'ㅇ', 'ㅗ', 'ㅂ', 'ㅡ', 'ㅂ', 'ㅣ', 'ㅊ', 'ㅣ']
['ㅅ', 'ㅓ', 'ㅇ', 'ㄱ', 'ㅏ', 'ㅁ', 'ㄷ', 'ㅐ']
['ㅅ', 'ㅓ', 'ㅇ', 'ㄱ', 'ㅕ', 'ㅇ', 'ㅎ', 'ㅓ', 'ㅁ']
['ㅅ', 'ㅓ', 'ㅇ', 'ㄱ', 'ㅛ', 'ㅇ', 'ㅠ', 'ㄱ']
['ㅅ', 'ㅓ', 'ㅇ', 'ㅊ', 'ㅔ', 'ㅇ', 'ㅟ']
['ㅅ', 'ㅓ', 'ㅇ', 'ㅎ', 'ㅐ', 'ㅇ', 'ㅇ', 'ㅟ']
['ㅅ', 'ㅔ', 'ㄱ', 'ㅔ', 'ㅃ', 'ㅏ', 'ㄹ', 'ㅇ', 'ㅏ']
['ㅅ', 'ㅔ', 'ㅇ', 'ㅔ', 'ㄱ', 'ㅅ', 'ㅡ']
['ㅅ', 'ㅔ', 'ㄱ', 'ㅑ']
['ㅅ', 'ㅔ', 'ㄱ', 'ㄱ', 'ㅓ', 'ㄹ']
['ㅅ', 'ㅔ', 'ㄱ', 'ㅁ', 'ㅏ']
['ㅅ', 'ㅔ', 'ㄱ', 'ㄸ', 'ㅡ']
['ㅅ', 'ㅔ', 'ㄱ', 'ㅎ', 'ㅏ', 'ㄱ', 'ㅗ']
['ㅅ', 'ㅔ', 'ㄱ', 'ㅎ', 'ㅏ', 'ㅈ', 'ㅏ']
['ㅅ', 'ㅚ', 'ㄷ', 'ㅔ', 'ㄱ', 'ㅏ', 'ㄹ', 'ㅣ']
['ㅆ', 'ㅞ', 'ㄷ', 'ㅞ', 'ㄱ', 'ㅏ', 'ㄹ', 'ㅣ']
['ㅅ', 'ㅙ', 'ㄷ', 'ㅔ', 'ㄱ', 'ㅜ', 'ㅃ', 'ㅏ', 'ㄱ']
['1', '8', 'ㅅ', 'ㅞ', 'ㄱ']
['ㅅ', 'ㅟ', 'ㅂ', 'ㅐ', 'ㄹ']
['ㅅ', 'ㅣ', 'ㅂ', 'ㅜ', 'ㅇ']
['ㅅ', 'ㅢ', 'ㅍ', 'ㅏ', 'ㄱ']
['ㅅ', 'ㅟ', 'ㅍ', 'ㅓ', 'ㄹ', 'ㄴ', 'ㅡ', 'ㅁ']
['ㅅ', 'ㅟ', 'ㅍ', 'ㅓ', 'ㄹ', 'ㅅ', 'ㅖ', 'ㄲ', 'ㅣ']
['ㅅ', 'ㅟ', 'ㅂ', 'ㅅ', 'ㅞ']
['ㅅ', 'ㅣ', 'ㅂ', 'ㅌ', 'ㅐ', 'ㅇ', 'ㄱ', 'ㅜ', 'ㄹ', 'ㅣ']
['ㅆ', 'ㅡ', 'ㄷ', 'ㅔ', 'ㅇ']
['ㅅ', 'ㅡ', 'ㅇ', 'ㅘ', 'ㅂ']
['ㅅ', 'ㅡ', 'ㅌ', 'ㅡ', 'ㄹ', 'ㅣ', 'ㅂ', 'ㅆ', 'ㅛ']
['ㅅ', 'ㅢ', 'ㅂ', 'ㅓ', 'ㄹ']
['ㅆ', 'ㅢ', 'ㅂ', 'ㅔ', 'ㄹ']
['ㅅ', 'ㅣ', 'ㄱ', 'ㅜ', 'ㅇ', 'ㅊ', 'ㅏ', 'ㅇ']
['ㅅ', 'ㅣ', 'ㄷ', 'ㅔ', 'ㅇ']
['ㅅ', 'ㅣ', 'ㅍ', 'ㅏ', 'ㄹ', 'ㄴ', 'ㅗ', 'ㅁ']
['ㅅ', 'ㅣ', 'ㅍ', 'ㅏ', 'ㅇ', 'ㅑ']
['ㅅ', 'ㅣ', 'ㅂ', 'ㅈ', 'ㅗ', 'ㅅ']
['ㅅ', 'ㅣ', 'ㅂ', 'ㅏ', 'ㄹ', 'ㅈ', 'ㅗ', 'ㅈ']
['ㅅ', 'ㅣ', 'ㅂ', 'ㅏ', 'ㅇ', 'ㅅ', 'ㅐ', 'ㄴ', 'ㅜ', 'ㅇ', 'ㅝ', 'ㄹ', 'ㅏ']
['ㅅ', 'ㅡ', 'ㅍ', 'ㅐ', 'ㅇ']
['ㅆ', 'ㅡ', 'ㅂ', 'ㅜ', 'ㄹ', 'ㅏ', 'ㄹ']
['ㅅ', 'ㅣ', 'ㅂ', 'ㅜ', 'ㄹ', 'ㅏ', 'ㄹ', 'ㄴ', 'ㅓ', 'ㅁ']
['ㅅ', 'ㅣ', 'ㅂ', 'ㅜ', 'ㄹ', 'ㅏ', 'ㄹ', 'ㅈ', 'ㅜ', 'ㄱ', 'ㅇ', 'ㅣ', 'ㄴ', 'ㄷ', 'ㅏ']
['ㅅ', 'ㅣ', 'ㅂ', 'ㅜ', 'ㄹ', 'ㅅ', 'ㅗ', 'ㄴ', 'ㅕ']
['ㅅ', 'ㅣ', 'ㅂ', 'ㅜ', 'ㄹ', 'ㅇ', 'ㅣ', 'ㅇ', 'ㅓ', 'ㅇ', 'ㅕ']
['ㅅ', 'ㅣ', 'ㅂ', 'ㅜ', 'ㄹ', 'ㅌ', 'ㅣ', 'ㅇ', 'ㅇ', 'ㅣ', 'ㄴ', 'ㅗ', 'ㅁ', 'ㅇ', 'ㅏ']
['ㅅ', 'ㅣ', 'ㅇ', 'ㅣ', 'ㅍ', 'ㅓ', 'ㄹ']
['ㅆ', 'ㅣ', 'ㅍ', 'ㅏ', 'ㄱ', 'ㅅ', 'ㅐ', 'ㄲ', 'ㅣ']
['ㅅ', 'ㅣ', 'ㅍ', 'ㅏ', 'ㄴ', 'ㅡ', 'ㅁ', 'ㅇ', 'ㅏ']
['ㅆ', 'ㅣ', 'ㅍ', 'ㅓ', 'ㄹ', 'ㄴ', 'ㅗ', 'ㅁ']
['ㅅ', 'ㅣ', 'ㄴ', 'ㅂ', 'ㅏ', 'ㄹ', 'ㄲ', 'ㅡ', 'ㄴ']
['ㅅ', 'ㅣ', 'ㄹ', 'ㅂ', 'ㅏ', 'ㅅ', 'ㅣ', 'ㅂ', 'ㅏ', 'ㄹ', 'ㄴ', 'ㅗ', 'ㅁ']
['ㅅ', 'ㅣ', 'ㅁ', 'ㅂ', 'ㅏ', 'ㄹ', 'ㄲ', 'ㅡ', 'ㄴ']
['ㅅ', 'ㅣ', 'ㅂ', 'ㅅ', 'ㅞ']
['ㅆ', 'ㅣ', 'ㅂ', 'ㄴ', 'ㅕ', 'ㄴ']
['ㅅ', 'ㅣ', 'ㅂ', 'ㄸ', 'ㅐ', 'ㅇ', 'ㄱ', 'ㅜ', 'ㄹ', 'ㅣ']
['ㅆ', 'ㅣ', 'ㅂ', 'ㅇ', 'ㅏ', 'ㄹ']
['ㅅ', 'ㅣ', 'ㅂ', 'ㅈ', 'ㅐ', 'ㅇ', 'ㅇ', 'ㅣ']
['ㅅ', 'ㅣ', 'ㅂ', 'ㅊ', 'ㅏ', 'ㅇ', 'ㄴ', 'ㅕ', 'ㄴ']
['ㅅ', 'ㅣ', 'ㅂ', 'ㅌ', 'ㅐ', 'ㅇ', 'ㅇ', 'ㅏ']
['ㅅ', 'ㅣ', 'ㅅ', 'ㅍ', 'ㅏ', 'ㄹ', 'ㅅ', 'ㅞ', 'ㄲ', 'ㅣ', 'ㄷ', 'ㅡ', 'ㄹ', 'ㅇ', 'ㅏ']
['ㅆ', 'ㅂ', 'ㄹ', 'ㅁ']
['ㅆ', 'ㅇ', 'ㅏ', 'ㅇ']
['ㅆ', 'ㅏ', 'ㄹ', 'ㅏ', 'ㅇ', 'ㅎ', 'ㅕ', 'ㄴ', 'ㅅ', 'ㅜ', '6']
['ㅅ', 'ㅏ', 'ㅋ', 'ㅏ', 'ㅅ', 'ㅣ']
['ㅆ', 'ㅑ', 'ㅇ', 'ㅏ', 'ㅇ', 'ㄴ', 'ㅓ', 'ㅁ']
['ㅆ', 'ㅑ', 'ㅇ', 'ㅏ', 'ㅇ', 'ㄴ', 'ㅛ', 'ㄴ']
['ㅆ', 'ㅑ', 'ㅇ', 'ㄴ', 'ㅡ', 'ㅁ']
['ㅆ', 'ㅡ', 'ㄱ', 'ㅡ', 'ㄹ']
['ㅆ', 'ㅓ', 'ㄱ', 'ㅡ', 'ㄹ', 'ㄴ', 'ㅜ', 'ㅁ', 'ㅅ', 'ㅣ', 'ㅋ', 'ㅣ']
['ㅆ', 'ㅓ', 'ㄱ', 'ㅇ', 'ㅡ', 'ㄹ', 'ㄴ', 'ㅛ', 'ㄴ', 'ㅏ']
['ㅆ', 'ㅓ', 'ㄱ', 'ㅇ', 'ㅡ', 'ㄹ', 'ㅅ', 'ㅣ', 'ㅋ', 'ㅣ']
['ㅆ', 'ㅓ', 'ㄱ', 'ㅇ', 'ㅡ', 'ㄹ', 'ㄴ', 'ㅕ', 'ㄴ']
['ㅆ', 'ㅓ', 'ㄱ', 'ㅇ', 'ㅡ', 'ㄹ', 'ㄴ', 'ㅡ', 'ㅁ']
['ㅆ', 'ㅜ', 'ㅅ', 'ㅕ', 'ㅂ', 'ㅜ', 'ㄹ', 'ㄹ', 'ㅏ']
['ㅆ', 'ㅟ', 'ㅂ', 'ㅏ', 'ㄱ', 'ㅅ', 'ㅐ', 'ㄱ', 'ㄲ', 'ㅣ']
['ㅅ', 'ㅟ', 'ㅂ', 'ㅡ', 'ㄹ', 'ㅏ', 'ㄹ']
['ㅆ', 'ㅟ', 'ㅇ', 'ㅣ', 'ㅂ', 'ㅓ', 'ㄹ']
['ㅆ', 'ㅟ', 'ㅍ', 'ㅏ', 'ㅇ', 'ㅅ', 'ㅐ', 'ㄱ', 'ㄲ', 'ㅣ']
['ㅆ', 'ㅟ', 'ㅂ', 'ㅆ', 'ㅐ', 'ㄲ', 'ㅣ', 'ㅇ', 'ㅑ']
['ㅆ', 'ㅡ', 'ㅂ', 'ㅗ', 'ㅇ', 'ㅅ', 'ㅞ']
['ㅆ', 'ㅡ', 'ㅂ', 'ㅇ', 'ㅓ', 'ㄹ']
['ㅆ', 'ㅡ', 'ㅂ', 'ㅆ', 'ㅐ']
['ㅅ', 'ㅢ', 'ㅂ', 'ㅗ', 'ㅇ']
['ㅆ', 'ㅣ', 'ㅂ', 'ㅆ', 'ㅐ', 'ㄱ', 'ㄲ', 'ㅣ']
['ㅆ', 'ㅣ', 'ㅂ', 'ㅏ', 'ㅇ', 'ㅅ', 'ㅞ', 'ㅇ', 'ㅑ']
['ㅆ', 'ㅣ', 'ㅋ', 'ㅂ', 'ㅏ', 'ㄹ']
['ㅆ', 'ㅣ', 'ㅂ', 'ㅂ', 'ㅗ', 'ㄹ', 'ㄴ', 'ㅛ', 'ㄴ']
['ㅆ', 'ㅣ', 'ㅂ', 'ㅅ', 'ㅐ', 'ㄹ', 'ㅣ']
['ㅆ', 'ㅣ', 'ㅂ', 'ㅅ', 'ㅞ']
['ㅆ', 'ㅣ', 'ㅍ', 'ㅏ', 'ㄱ', 'ㄴ', 'ㅡ', 'ㅁ']
['ㅅ', 'ㅣ', 'ㅍ', 'ㅏ', 'ㄱ', 'ㄴ', 'ㅕ', 'ㄴ']
['ㅆ', 'ㅣ', 'ㅁ', 'ㄴ', 'ㅛ', 'ㄴ']
['ㅆ', 'ㅣ', 'ㅂ', 'ㄴ', 'ㅕ', 'ㄴ', 'ㅇ', 'ㅑ', 'ㅇ', 'ㅇ', 'ㅏ', 'ㅊ', 'ㅣ']
['ㅆ', 'ㅣ', 'ㅂ', 'ㄸ', 'ㅏ', 'ㄱ', 'ㄲ', 'ㅜ', 'ㄹ', 'ㅣ']
['ㅆ', 'ㅣ', 'ㅂ', 'ㅊ', 'ㅣ']
['ㅆ', 'ㅣ', 'ㅂ', 'ㅅ', 'ㅓ', 'ㄴ', 'ㅂ', 'ㅣ']
['ㅅ', 'ㅣ', 'ㅂ', 'ㅅ', 'ㅡ', 'ㅋ', 'ㅣ']
['ㅆ', 'ㅣ', 'ㅂ', 'ㅈ', 'ㅏ', 'ㅈ', 'ㅣ']
['ㅆ', 'ㅣ', 'ㅂ', 'ㅊ', 'ㅣ', 'ㄴ', 'ㅏ', 'ㅁ']
['ㅆ', 'ㅣ', 'ㅂ', 'ㅌ', 'ㅙ', 'ㅇ']
['ㅆ', 'ㅣ', 'ㅌ', 'ㅐ', 'ㅇ', 'ㄱ', 'ㅜ', 'ㄹ', 'ㅣ']
['ㅇ', 'ㅏ', 'ㄱ', 'ㅏ', 'ㄹ']
['ㅇ', 'ㅏ', 'ㄱ', 'ㅜ', 'ㅌ', 'ㅗ', 'ㅇ']
['ㅇ', 'ㅏ', 'ㄱ', 'ㅏ', 'ㅈ', 'ㅣ']
['ㅇ', 'ㅏ', 'ㄹ', 'ㅂ', 'ㅗ', 'ㅊ', 'ㅣ', 'ㄹ']
['ㅇ', 'ㅏ', 'ㅁ', 'ㅋ', 'ㅐ']
['ㅇ', 'ㅐ', 'ㄹ', 'ㅗ', 'ㅁ', 'ㅜ', 'ㄹ']
['ㅇ', 'ㅐ', 'ㅁ', 'ㅣ', 'ㄷ', 'ㅟ']
['ㅇ', 'ㅔ', 'ㅇ', 'ㅔ', 'ㅁ', 'ㅣ']
['ㅇ', 'ㅐ', 'ㅇ', 'ㅐ', 'ㄱ']
['ㅇ', 'ㅐ', 'ㅁ', 'ㄷ', 'ㅟ']
['ㅇ', 'ㅣ', 'ㅅ', 'ㅔ', 'ㄲ', 'ㅑ']
['ㅇ', 'ㅣ', 'ㅁ', 'ㅁ', 'ㅏ']
['ㅎ', 'ㅘ', 'ㅇ', 'ㅑ', 'ㅇ', 'ㄴ', 'ㅕ', 'ㄴ']
['ㅇ', 'ㅔ', 'ㅁ', 'ㅂ', 'ㅕ', 'ㅇ']
['ㅇ', 'ㅔ', 'ㅁ', 'ㅣ']
['ㅇ', 'ㅐ', 'ㅇ', 'ㅐ', 'ㅂ', 'ㅣ']
['ㅇ', 'ㅕ', 'ㅇ', 'ㅓ', 'ㅁ', 'ㅂ', 'ㅕ', 'ㅇ']
['ㅇ', 'ㅕ', 'ㅎ', 'ㅕ', 'ㅁ']
['ㅇ', 'ㅕ', 'ㅅ', 'ㄱ', 'ㅏ', 'ㅌ']
['ㅇ', 'ㅕ', 'ㅅ', 'ㅁ', 'ㅓ', 'ㄱ', 'ㄱ', 'ㅜ', 'ㄷ', 'ㅟ', 'ㅈ', 'ㅕ', 'ㄹ', 'ㅏ']
['ㅇ', 'ㅕ', 'ㅅ', 'ㅃ', 'ㅏ', 'ㄹ', 'ㅇ', 'ㅓ']
['1', '0', 'ㅇ', 'ㅏ', 'ㄹ']
['ㅇ', 'ㅗ', 'ㄹ', 'ㅡ', 'ㄱ', 'ㅏ', 'ㅈ', 'ㅡ', 'ㅁ']
['ㅇ', 'ㅘ', 'ㅇ', 'ㅈ', 'ㅗ', 'ㅅ', 'ㅂ', 'ㅏ', 'ㅂ']
['ㅇ', 'ㅜ', 'ㄷ', 'ㅗ', 'ㄹ', 'ㅅ', 'ㅣ', 'ㄱ']
['ㅇ', 'ㅜ', 'ㅅ', 'ㅎ', 'ㅡ', 'ㅇ']
['ㅇ', 'ㅝ', 'ㄴ', 'ㅈ', 'ㅗ', 'ㄱ', 'ㅏ', 'ㅋ', 'ㅏ']
['ㅇ', 'ㅝ', 'ㄴ', 'ㅈ', 'ㅗ', 'ㄱ', 'ㅣ', 'ㄹ', 'ㅁ', 'ㅏ', 'ㄱ', 'ㅉ', 'ㅏ', 'ㅇ']
['ㅇ', 'ㅝ', 'ㄴ', 'ㅌ', 'ㅏ', 'ㄱ', 'ㅇ', 'ㅢ', 'ㅈ', 'ㅗ', 'ㅅ', 'ㅂ', 'ㅏ', 'ㅂ']
['ㅇ', 'ㅠ', 'ㄱ', 'ㄲ', 'ㅏ', 'ㅍ']
['ㅇ', 'ㅠ', 'ㄱ', 'ㄱ', 'ㅏ', 'ㅂ']
['ㅇ', 'ㅠ', 'ㅂ', 'ㅏ', 'ㅇ']
['ㅇ', 'ㅠ', 'ㄱ', 'ㅅ', 'ㅣ', 'ㄹ', 'ㅎ', 'ㅏ', 'ㄹ']
['ㅇ', 'ㅣ', 'ㄴ', 'ㅕ', 'ㄴ', 'ㅅ', 'ㅣ', 'ㅂ', 'ㅜ', 'ㄹ', 'ㄴ', 'ㅕ', 'ㄴ']
['ㅇ', 'ㅣ', 'ㄹ', 'ㅓ', 'ㄴ', 'ㅅ', 'ㅣ', 'ㅂ', 'ㅜ', 'ㄹ', 'ㅏ', 'ㄹ']
['ㅇ', 'ㅣ', 'ㅅ', 'ㅞ', 'ㄲ', 'ㅑ']
['ㅇ', 'ㅣ', 'ㅅ', 'ㅞ', 'ㄱ']
['ㅇ', 'ㅣ', 'ㅅ', 'ㅐ', 'ㅋ', 'ㅣ']
['ㅇ', 'ㅣ', 'ㄹ', 'ㄱ', 'ㅔ', 'ㅇ', 'ㅣ']
['ㅇ', 'ㅣ', 'ㄹ', 'ㅁ', 'ㅣ', 'ㅇ', 'ㅇ', 'ㅏ', 'ㅇ', 'ㅜ', 'ㅅ']
['ㅉ', 'ㅏ', 'ㅈ', 'ㅕ']
['ㅈ', 'ㅏ', 'ㅇ', 'ㅟ', 'ㄴ', 'ㅕ']
['ㅈ', 'ㅏ', 'ㅇ', 'ㅟ', 'ㅎ', 'ㅏ', 'ㄹ', 'ㄹ', 'ㅐ']
['ㅈ', 'ㅏ', 'ㅊ', 'ㅟ', 'ㄴ', 'ㅐ', 'ㅁ']
['ㅈ', 'ㅏ', 'ㄹ', 'ㅃ', 'ㅏ', 'ㄹ', 'ㅇ', 'ㅏ']
['ㅈ', 'ㅏ', 'ㅁ', 'ㅈ', 'ㅣ', 'ㅂ', 'ㅗ', 'ㄲ', 'ㅇ', 'ㅏ', 'ㅂ', 'ㅓ', 'ㄹ', 'ㅕ']
['ㅈ', 'ㅏ', 'ㅂ', 'ㄱ', 'ㅓ', 'ㅅ']
['ㅈ', 'ㅏ', 'ㅂ', 'ㄴ', 'ㅑ', 'ㄴ']
['ㅈ', 'ㅏ', 'ㅂ', 'ㅅ', 'ㅣ', 'ㅋ', 'ㅟ']
['ㅈ', 'ㅛ', 'ㅅ', 'ㄲ', 'ㅏ']
['ㅈ', 'ㅓ', 'ㄲ', 'ㅏ', 'ㄹ', 'ㅏ', 'ㅁ', 'ㅏ', 'ㅇ', 'ㅣ', 'ㅆ', 'ㅣ', 'ㅇ']
['ㅈ', 'ㅓ', 'ㄸ', 'ㅓ', 'ㅆ', 'ㅣ', 'ㅂ', 'ㅔ', 'ㅇ']
['ㅈ', 'ㅓ', 'ㅅ', 'ㅐ', 'ㄲ', 'ㅣ']
['ㅈ', 'ㅓ', 'ㅇ', 'ㅓ', 'ㅈ']
['ㅈ', 'ㅗ', 'ㄴ', 'ㄴ', 'ㅏ', 'ㄱ', 'ㅔ']
['ㅈ', 'ㅓ', 'ㄴ', 'ㄸ', 'ㅏ', 'ㅇ', 'ㅋ', 'ㅡ']
['ㅈ', 'ㅗ', 'ㄴ', 'ㅁ', 'ㅏ', 'ㄴ', 'ㅎ', 'ㅏ', 'ㄴ']
['ㅈ', 'ㅣ', 'ㄹ', 'ㅏ', 'ㄹ']
['ㅈ', 'ㅓ', 'ㅅ', 'ㄱ', 'ㅏ', 'ㅌ', 'ㅡ', 'ㄴ']
['ㅈ', 'ㅗ', 'ㅅ', 'ㄸ', 'ㅓ']
['ㅈ', 'ㅗ', 'ㅅ', 'ㅂ', 'ㅏ', 'ㅂ']
['ㅈ', 'ㅓ', 'ㅇ', 'ㅅ', 'ㅣ', 'ㄴ', 'ㅂ', 'ㅕ', 'ㅇ', 'ㅈ', 'ㅏ', 'ㅇ', 'ㅑ']
['ㅈ', 'ㅓ', 'ㅈ', 'ㄱ', 'ㅏ', 'ㅌ', 'ㅇ', 'ㅡ', 'ㄴ']
['ㅈ', 'ㅗ', 'ㅊ', 'ㄷ', 'ㅐ', 'ㄱ', 'ㅏ', 'ㄹ', 'ㅣ']
['ㅈ', 'ㅗ', 'ㅈ']
['ㅈ', 'ㅓ', 'ㅊ', 'ㅃ', 'ㅏ', 'ㅍ']
['ㅈ', 'ㅗ', 'ㅈ', 'ㅐ', 'ㅇ', 'ㅇ', 'ㅣ']
['ㅈ', 'ㅔ', 'ㄴ', 'ㅅ', 'ㅣ', 'ㄴ', 'ㅂ', 'ㅕ', 'ㅇ', 'ㅈ', 'ㅏ']
['ㅈ', 'ㅗ', 'ㅅ', 'ㄱ', 'ㅏ', 'ㅌ', 'ㄷ', 'ㅏ']
['ㅈ', 'ㅗ', 'ㄲ', 'ㅏ', 'ㄹ', 'ㅏ']
['ㅈ', 'ㅗ', 'ㄴ', 'ㄴ', 'ㅏ']
['ㅈ', 'ㅗ', 'ㄹ', 'ㅐ', 'ㅇ']
['ㅈ', 'ㅗ', 'ㅇ', 'ㅗ', 'ㄸ', 'ㅗ']
['ㅈ', 'ㅗ', 'ㅇ', 'ㅗ', 'ㅅ']
['ㅈ', 'ㅗ', 'ㅈ', 'ㅣ', 'ㄴ', 'ㄷ', 'ㅏ']
['ㅈ', 'ㅗ', 'ㄱ', 'ㄱ', 'ㅏ', 'ㅌ', 'ㄴ', 'ㅔ']
['ㅈ', 'ㅗ', 'ㄴ', 'ㄴ', 'ㅏ', 'ㅅ', 'ㅣ', 'ㅍ', 'ㅓ', 'ㄹ', 'ㄴ', 'ㅕ', 'ㄴ']
['ㅈ', 'ㅗ', 'ㄴ', 'ㅁ', 'ㅏ', 'ㄴ', 'ㅇ', 'ㅏ']
['ㅈ', 'ㅗ', 'ㄴ', 'ㅁ', 'ㅓ', 'ㄱ', 'ㅇ', 'ㅓ']
['ㅈ', 'ㅗ', 'ㄹ', 'ㄹ', 'ㅏ', 'ㅅ', 'ㅣ', 'ㄷ', 'ㅔ', 'ㅇ', 'ㅇ', 'ㅣ', 'ㅇ', 'ㅑ']
['ㅈ', 'ㅗ', 'ㅁ', 'ㅁ', 'ㅜ', 'ㄹ']
['ㅉ', 'ㅗ', 'ㅂ', 'ㅂ', 'ㅏ', 'ㅂ']
['ㅈ', 'ㅗ', 'ㅅ', 'ㄱ', 'ㅏ', 'ㅌ', 'ㅡ', 'ㄴ', 'ㅅ', 'ㅣ', 'ㅇ', 'ㅟ', 'ㄷ', 'ㅐ']
['ㅈ', 'ㅗ', 'ㅅ', 'ㄲ', 'ㅏ', 'ㅆ', 'ㄷ', 'ㅏ']
['ㅈ', 'ㅗ', 'ㅅ', 'ㄱ', 'ㅏ', 'ㅌ', 'ㅡ', 'ㄴ']
['ㅈ', 'ㅗ', 'ㅅ', 'ㄱ', 'ㅏ', 'ㅌ', 'ㅇ', 'ㅡ', 'ㅅ', 'ㅐ', 'ㄲ', 'ㅣ']
['ㅈ', 'ㅗ', 'ㅅ', 'ㄲ', 'ㅏ', 'ㄹ', 'ㄲ', 'ㅏ']
['ㅈ', 'ㅗ', 'ㅅ', 'ㄲ', 'ㅏ', 'ㅆ', 'ㄴ', 'ㅕ', 'ㄴ']
['ㅈ', 'ㅗ', 'ㅅ', 'ㄲ', 'ㅗ', 'ㄹ', 'ㄹ', 'ㅣ', 'ㄴ', 'ㅇ', 'ㅓ', 'ㄷ', 'ㅡ', 'ㅁ', 'ㅣ', 'ㄴ']
['ㅈ', 'ㅗ', 'ㅅ', 'ㄴ', 'ㅏ', 'ㄱ', 'ㅐ', 'ㅎ', 'ㅗ']
['ㅈ', 'ㅗ', 'ㅅ', 'ㄴ', 'ㅏ', 'ㄱ', 'ㅔ', 'ㅆ', 'ㅣ', 'ㅃ', 'ㅏ', 'ㄹ', 'ㄱ', 'ㅐ']
['ㅈ', 'ㅗ', 'ㅅ', 'ㄴ', 'ㅏ', 'ㄲ', 'ㅏ', 'ㅊ', 'ㅕ']
['ㅈ', 'ㅗ', 'ㅅ', 'ㄲ', 'ㅏ', 'ㄴ', 'ㄷ', 'ㅏ']
['ㅈ', 'ㅗ', 'ㅅ', 'ㄴ', 'ㅏ', 'ㅆ', 'ㅏ', 'ㅇ', 'ㄴ', 'ㅕ', 'ㄴ']
['ㅈ', 'ㅗ', 'ㅅ', 'ㄴ', 'ㅏ', 'ㅆ', 'ㅔ', 'ㄴ', 'ㄴ', 'ㅏ', 'ㅁ', 'ㅈ', 'ㅏ']
['ㅈ', 'ㅗ', 'ㅅ', 'ㄴ', 'ㅣ', 'ㅈ', 'ㅐ', 'ㅅ', 'ㅜ', 'ㅇ', 'ㅑ']
['ㅈ', 'ㅗ', 'ㅅ', 'ㄷ', 'ㅚ', 'ㅅ', 'ㄷ', 'ㅏ']
['ㅈ', 'ㅗ', 'ㅅ', 'ㄷ', 'ㅜ', 'ㄱ', 'ㅣ', 'ㅅ', 'ㅏ']
['ㅈ', 'ㅗ', 'ㅅ', 'ㄷ', 'ㅗ']
['ㅈ', 'ㅗ', 'ㅅ', 'ㄸ', 'ㅗ', 'ㄱ', 'ㅐ', 'ㅇ', 'ㄱ', 'ㅣ', 'ㄱ', 'ㅣ', 'ㄴ']
['ㅈ', 'ㅗ', 'ㅅ', 'ㄴ', 'ㅏ']
['ㅈ', 'ㅗ', 'ㅅ', 'ㅁ', 'ㅏ', 'ㄴ', 'ㅎ', 'ㅏ', 'ㄴ']
['ㅈ', 'ㅗ', 'ㅅ', 'ㅁ', 'ㅐ', 'ㄴ']
['ㅈ', 'ㅗ', 'ㅅ', 'ㅁ', 'ㅓ', 'ㄱ', 'ㅇ', 'ㅓ']
['ㅈ', 'ㅗ', 'ㅅ', 'ㅂ', 'ㅏ', 'ㄹ', 'ㄴ', 'ㅏ', 'ㄴ', 'ㅡ', 'ㄴ', 'ㅅ', 'ㅗ', 'ㄹ', 'ㅣ']
['ㅈ', 'ㅗ', 'ㅅ', 'ㅂ', 'ㅏ', 'ㄹ', 'ㅇ', 'ㅏ', 'ㄱ']
['ㅈ', 'ㅗ', 'ㅅ', 'ㅂ', 'ㅐ', 'ㅇ', 'ㅇ', 'ㅣ']
['ㅈ', 'ㅗ', 'ㅅ', 'ㅃ', 'ㅣ', 'ㄹ', 'ㅣ']
['ㅈ', 'ㅗ', 'ㅅ', 'ㅃ', 'ㅣ', 'ㄸ', 'ㅣ']
['ㅈ', 'ㅗ', 'ㅅ', 'ㅇ', 'ㅣ']
['ㅈ', 'ㅗ', 'ㅅ', 'ㅇ', 'ㅔ', 'ㅍ', 'ㅣ', 'ㄴ', 'ㅏ']
['ㅈ', 'ㅗ', 'ㅅ', 'ㅇ', 'ㅣ', 'ㄷ', 'ㅏ', 'ㅆ', 'ㅣ', 'ㅍ', 'ㅏ']
['ㅈ', 'ㅗ', 'ㅅ', 'ㅂ', 'ㅏ', 'ㅇ', 'ㅈ', 'ㅏ']
['ㅈ', 'ㅗ', 'ㅅ', 'ㅋ', 'ㅡ', 'ㄴ', 'ㄴ', 'ㅗ', 'ㅁ', 'ㄱ', 'ㅜ', 'ㅎ', 'ㅏ', 'ㅁ']
['ㅈ', 'ㅗ', 'ㅊ', 'ㄱ', 'ㅏ', 'ㅌ']
['ㅈ', 'ㅗ', 'ㅊ', 'ㄱ', 'ㅏ', 'ㅌ', 'ㅇ', 'ㅡ', 'ㄴ']
['ㅈ', 'ㅗ', 'ㅊ', 'ㅃ', 'ㅏ']
['ㅈ', 'ㅓ', 'ㅊ', 'ㅈ', 'ㅏ', 'ㅂ', 'ㄱ', 'ㅗ']
['ㅈ', 'ㅘ', 'ㅈ', 'ㅗ', 'ㅁ']
['ㅈ', 'ㅜ', 'ㄱ', 'ㅇ', 'ㅡ', 'ㄹ', 'ㄹ', 'ㅐ']
['ㅈ', 'ㅜ', 'ㄷ', 'ㅜ', 'ㅇ', 'ㅇ', 'ㅣ']
['ㅈ', 'ㅜ', 'ㅈ', 'ㅓ', 'ㅂ', 'ㄸ', 'ㅓ', 'ㄹ']
['ㅈ', 'ㅜ', 'ㄱ', 'ㄱ', 'ㅗ', 'ㅈ', 'ㅏ', 'ㅂ']
['ㅈ', 'ㅜ', 'ㄱ', 'ㅇ', 'ㅡ', 'ㄹ', 'ㄹ', 'ㅐ', 'ㄱ', 'ㅔ', 'ㄹ', 'ㅔ', 'ㅇ', 'ㅑ']
['ㅈ', 'ㅜ', 'ㄱ', 'ㅇ', 'ㅣ', 'ㄷ', 'ㅏ', 'ㅇ', 'ㅣ', 'ㅆ', 'ㅣ']
['ㅊ', 'ㅓ', 'ㅈ', 'ㅜ', 'ㄱ', 'ㅇ', 'ㅣ', 'ㄹ', 'ㄴ', 'ㅗ', 'ㅁ']
['ㅈ', 'ㅜ', 'ㅇ', 'ㄹ', 'ㅕ', 'ㄱ', 'ㅈ', 'ㅓ', 'ㄹ']
['ㅈ', 'ㅟ', 'ㄹ', 'ㅗ', 'ㄹ']
['ㅈ', 'ㅣ', 'ㄹ', 'ㅓ', 'ㄹ', 'ㅂ', 'ㅏ', 'ㄹ', 'ㄱ', 'ㅘ', 'ㅇ']
['ㅈ', 'ㅣ', 'ㅇ', 'ㅣ', 'ㄹ', 'ㅏ', 'ㄹ']
['ㅉ', 'ㅏ', 'ㅅ', 'ㅣ', 'ㄱ']
['ㅉ', 'ㅓ', 'ㅂ', 'ㅉ', 'ㅓ', 'ㅂ', 'ㅎ', 'ㅗ', 'ㄹ', 'ㅌ', 'ㅎ', 'ㅗ', 'ㄹ', 'ㅌ']
['ㄱ', 'ㅐ', 'ㅉ', 'ㅗ', 'ㄷ', 'ㅏ']
['ㅉ', 'ㅣ', 'ㄴ', 'ㄸ', 'ㅏ']
['ㅉ', 'ㅣ', 'ㅈ', 'ㅇ', 'ㅓ', 'ㅈ', 'ㅜ', 'ㄱ', 'ㅇ', 'ㅣ', 'ㄹ', 'ㄴ', 'ㅗ', 'ㅁ']
['ㅊ', 'ㅏ', 'ㅇ', 'ㄴ', 'ㅕ', 'ㄴ']
['ㅊ', 'ㅓ', 'ㄴ', 'ㅕ', 'ㅁ', 'ㅏ', 'ㄱ']
['ㅊ', 'ㅕ', 'ㅈ', 'ㅜ', 'ㄱ', 'ㅇ', 'ㅣ', 'ㄹ', 'ㄴ', 'ㅕ', 'ㄴ']
['ㅊ', 'ㅕ', 'ㅈ', 'ㅜ', 'ㄱ', 'ㅇ', 'ㅣ', 'ㄹ']
['ㅊ', 'ㅗ', 'ㄴ', 'ㄴ', 'ㅏ', 'ㅅ', 'ㅣ', 'ㅍ', 'ㅓ', 'ㄹ']
['ㄱ', 'ㅐ', 'ㅅ', 'ㅣ', 'ㅇ', 'ㅗ', 'ㅍ', 'ㅔ', 'ㅇ', 'ㅏ']
['ㅋ', 'ㅓ', 'ㅁ', 'ㅅ', 'ㅔ', 'ㄱ']
['ㅋ', 'ㅗ', 'ㄹ', 'ㅡ', 'ㅅ', 'ㅔ', 'ㅅ']
['ㅋ', 'ㅏ', 'ㅅ', 'ㅔ', 'ㄱ']
['1', '0', 'ㅌ', 'ㅐ', 'ㅇ']
['ㅌ', 'ㅗ', 'ㅇ', 'ㄱ', 'ㅝ']
['ㅌ', 'ㅟ', 'ㄲ', 'ㅓ', 'ㅂ', 'ㄴ', 'ㅑ']
['ㅌ', 'ㅡ', 'ㄹ', 'ㄸ', 'ㅏ', 'ㄱ']
['ㅌ', 'ㅣ', 'ㄲ', 'ㅗ', 'ㅂ', 'ㄴ', 'ㅑ']
['ㅍ', 'ㅔ', 'ㄴ', 'ㅣ', 'ㅅ', 'ㅡ']
['ㅍ', 'ㅓ', 'ㅋ', 'ㄲ', 'ㅠ']
['ㅍ', 'ㅓ', 'ㄹ', 'ㅡ', 'ㄴ', 'ㅗ']
['ㅍ', 'ㅗ', 'ㄴ', 'ㄸ', 'ㅔ', 'ㄱ']
['ㅍ', 'ㅗ', 'ㄴ', 'ㅅ', 'ㅔ', 'ㄱ']
['ㅍ', 'ㅗ', 'ㄴ', 'ㅅ', 'ㅐ', 'ㄱ']
['ㅎ', 'ㅏ', 'ㄴ', 'ㄴ', 'ㅏ', 'ㅁ']
['ㅎ', 'ㅏ', 'ㄴ', 'ㅂ', 'ㅓ', 'ㄴ', 'ㅈ', 'ㅜ', 'ㄹ', 'ㄹ', 'ㅐ']
['ㅎ', 'ㅏ', 'ㄹ', 'ㅌ', 'ㅇ', 'ㅏ', 'ㅈ', 'ㅜ', 'ㄲ', 'ㅔ']
['ㅎ', 'ㅏ', 'ㄹ', 'ㅎ', 'ㅇ', 'ㅏ']
['ㅎ', 'ㅏ', 'ㅁ', 'ㄷ', 'ㅐ', 'ㅈ', 'ㅜ', 'ㄲ', 'ㅏ']
['ㅎ', 'ㅏ', 'ㅁ', 'ㅃ', 'ㅏ', 'ㄹ', 'ㅈ', 'ㅏ']
['ㄱ', 'ㅐ', 'ㄷ', 'ㅐ', 'ㅈ', 'ㅜ', 'ㅇ']
['ㅎ', 'ㅓ', 'ㅂ', 'ㅓ', 'ㄹ', 'ㅊ', 'ㅏ', 'ㅇ', 'ㄴ', 'ㅛ', 'ㄴ']
['ㅎ', 'ㅗ', 'ㄱ', 'ㅜ', 'ㅅ', 'ㅞ', 'ㄲ', 'ㅣ']
['ㅎ', 'ㅗ', 'ㄹ', 'ㅗ', 'ㅇ', 'ㅗ']
['ㅎ', 'ㅗ', 'ㄹ', 'ㅗ', 'ㄱ', 'ㅐ', 'ㅈ', 'ㅏ', 'ㅅ', 'ㅡ', 'ㄱ']
['ㅎ', 'ㅗ', 'ㄹ', 'ㅗ', 'ㄴ', 'ㅕ', 'ㄴ']
['ㅎ', 'ㅗ', 'ㄹ', 'ㅗ', 'ㅅ', 'ㅐ', 'ㄱ']
['ㅎ', 'ㅗ', 'ㄹ', 'ㅗ', 'ㅅ', 'ㅡ', 'ㄲ', 'ㅏ', 'ㅇ', 'ㅣ']
['ㅎ', 'ㅗ', 'ㄹ', 'ㅗ', 'ㅈ', 'ㅏ', 'ㅂ', 'ㄱ', 'ㅓ', 'ㅅ']
['ㅎ', 'ㅗ', 'ㄴ', 'ㅇ', 'ㅚ', 'ㅅ', 'ㅜ']
['ㅎ', 'ㅗ', 'ㅇ', 'ㅍ', 'ㅏ', 'ㄱ']
['ㅎ', 'ㅜ', 'ㄷ', 'ㅏ', 'ㄴ', 'ㅕ', 'ㄴ']
['ㅎ', 'ㅜ', 'ㄹ', 'ㅏ', 'ㄷ', 'ㅡ', 'ㄹ', 'ㄴ', 'ㅕ', 'ㄴ']
['ㅎ', 'ㅜ', 'ㄹ', 'ㅚ']
